Model,R2_Score,MAE,MSE,RMSE
LinearRegression,0.4925900731919599,2294.086108771238,10738806.467280464,3277.0118198261757
RandomForest,0.8094952944746046,1215.7329302897488,4031835.121186797,2007.9430074548422
GradientBoosting,0.7667880931431786,1586.7701064485266,4935688.880498188,2221.6410332225564
XGBoost,0.8263976077144614,1221.6852091109579,3674115.1375159947,1916.7981473060731
SVR,0.03699839112049075,3416.9116315091856,20380933.36189122,4514.524710519505
