Model,R2_Score,MAE,MSE,RMSE
LinearRegression,0.45491315678319877,2433.0991529208277,11536199.44723818,3396.4981153002545
RandomForest,0.8646706728842831,636.9766427160164,2864105.2854150557,1692.3667703589124
GradientBoosting,0.8246917616070308,1277.8001744239227,3710217.6066298694,1926.1925154640876
XGBoost,0.8846945774075357,739.3932587940892,2440320.0497827595,1562.152377261181
SVR,0.04354423409768848,3430.791679297349,20242397.363316,4499.155183288969
