Model,R2_Score,MAE,MSE,RMSE
Linear Regression,0.45491315678319877,2433.0991529208277,11536199.44723818,3396.4981153002545
Random Forest,0.8658318129906497,635.7226733824438,2839530.9556180234,1685.0907855715143
XGBoost,0.8782520637170074,888.9060087726112,2576669.1908423556,1605.2006699607234
Gradient Boosting,0.8754087123036491,865.7334983411873,2636845.7836390375,1623.8367478410623
Support Vector Machine,0.5271806710512881,1910.7034138173447,10006732.228339966,3163.3419398383044
