Model,R2_Score,MAE,MSE,RMSE
LinearRegression,0.5829108188313628,1998.6525890285443,8827261.27244443,2971.070728280367
RandomForest,0.8964501526263277,620.8982600292652,2191525.4548872523,1480.38017241763
GradientBoosting,0.8313785165564036,1276.4956607188385,3568699.3518586922,1889.1001434171487
XGBoost,0.9061796745201441,734.5361920483044,1985610.1837885259,1409.1168098452754
SVR,0.06930955215877743,3353.3340121051233,19697101.046457313,4438.141620820285
