Model,R2_Score,MAE,MSE,RMSE
Linear Regression,0.4925900731919599,2294.086108771238,10738806.467280464,3277.0118198261757
Random Forest,0.8142033195345049,1207.4842939783875,3932194.638629773,1982.976207277781
XGBoost,0.8311520660616617,1305.8308147168013,3573491.9424427017,1890.368202875488
Gradient Boosting,0.8292766220229215,1296.7822615948928,3613183.776417928,1900.837651252186
Support Vector Machine,0.5284007698766243,1941.7970234666222,9980910.098215973,3159.257839780725
