Model,Accuracy,F1_Score
LogisticRegression,0.8777729656898128,0.8569014084507042
RandomForest,0.962561955632549,0.956326484787246
GradientBoosting,0.942254944420384,0.9328633769721383
XGBoost,0.9630431644290458,0.9569988801791713
LightGBM,0.962850680910447,0.9566876122082585
CatBoost,0.9629950435493961,0.9569356554852438
