Model,Accuracy,F1 Score,Precision,Recall
RandomForest,0.9564506039170396,0.9503156738951414,0.9397394136807817,0.9611327040533038
GradientBoosting,0.9413887685866897,0.9331210191082803,0.922884761594439,0.9435868961687951
XGBoost,0.958808527019874,0.9530547329165295,0.9414887853505255,0.9649083842309828
LightGBM,0.9633800105865935,0.9576115412465883,0.9606616003576218,0.9545807884508606
CatBoost,0.9613108127616573,0.9555457259758929,0.9515471864332122,0.9595780122154358
