Model,Accuracy,F1 Score
LogisticRegression,0.8530388335498773,0.8392631578947368
RandomForest,0.9564506039170396,0.9503156738951414
GradientBoosting,0.9413887685866897,0.9331210191082803
XGBoost,0.958808527019874,0.9530547329165295
LightGBM,0.9633800105865935,0.9576115412465883
CatBoost,0.9613108127616573,0.9555457259758929
