Model,R2_Score,MAE,MSE,RMSE
XGBRegressor,0.9022355144490161,683.4527107492249,2069084.2536520478,1438.43117793381
