Model,Accuracy,F1_Score
LGBMClassifier,0.964967999615033,0.9591240875912409
