Model,R2_Score,MAE,MSE,RMSE
XGBRegressor,0.8919550325575424,795.5734013872946,2286660.0234392313,1512.1706330435172
